.trial,avg_customers
1,121.2
2,135.54
3,125.74
4,125.16
5,120.18
6,124.6
7,119.1
8,123.42
9,122.88
10,133.94
11,124.14
12,130.04
13,127.8
14,125.34
15,119.82
16,133.52
17,119.72
18,126.18
19,125.5
20,123.06
21,117.53999999999999
22,123.66
23,129.44
24,127.78
25,119.58
26,121.82
27,129.32
28,124.64
29,128.84
30,128.86
31,128.86
32,129.82
33,135.22
34,116.52
35,137.02
36,120.4
37,123.5
38,127.66
39,122.62
40,119.6
41,126.76
42,114.28
43,112.8
44,124.62
45,120.14
46,117.84
47,131.52
48,123.2
49,114.18
50,122.1
51,129.78
52,125.1
53,120.78
54,117.58
55,120.96
56,114.28
57,120.84
58,124.82
59,127.78
60,131.84
61,131.06
62,119.32
63,121.68
64,125.86
65,119.38
66,120.42
67,128.24
68,134.32
69,120.52
70,130.38
71,125.8
72,119.26
73,121.42
74,127.44
75,116.58
76,119.6
77,128.92
78,124.96000000000001
79,118
80,129.1
81,114.56
82,125.32
83,120.76
84,119.68
85,120
86,122.66
87,120.6
88,137.92000000000002
89,116.42
90,131.5
91,119.98
92,121.08
93,121.9
94,120.12
95,115.96000000000001
96,128.78
97,121.26
98,123.78
99,119.48
100,117.64
101,122.12
102,118.44
103,124.2
104,120.46000000000001
105,119.42
106,127.1
107,123.22
108,115.84
109,120.02
110,126.98
111,127.82
112,130.07999999999998
113,118.42
114,125.82
115,118.32
116,123.9
117,119.6
118,128.82
119,129.78
120,122.32
121,121.18
122,127.38
123,125.94
124,122.4
125,123.5
126,125.32
127,122.9
128,119.7
129,121.98
130,122.3
131,131.9
132,118.38
133,112.02
134,132.56
135,123.84
136,119.98
137,124.42
138,127.74
139,126.4
140,118.06
141,134.44
142,130.48
143,125.92
144,131.92
145,122.04
146,118.72
147,120.62
148,125.28
149,124.98
150,126.74
151,118.97999999999999
152,124.72
153,121.86
154,121.84
155,129.08
156,114.18
157,121.8
158,129.42
159,128.5
160,127.88
161,116.66
162,127.44
163,125.92
164,121.28
165,117.86
166,121.86
167,120.16
168,129.3
169,124.82
170,118.68
171,125.24
172,124
173,128.82
174,125.52
175,129.5
176,126.58
177,129.64
178,122.88
179,124.36
180,124.3
181,129.48
182,122.9
183,121.2
184,118.46000000000001
185,125.18
186,117.86
187,122.12
188,113.84
189,122.8
190,122.24
191,128.4
192,126.68
193,121.52
194,122.12
195,118.02000000000001
196,126.12
197,117.48
198,117.78
199,120.96
200,120.14
201,120.54
202,126.9
203,126.92
204,130.62
205,119.76
206,129.2
207,130.64
208,127.12
209,127.74
210,119.32
211,126.38
212,137.72
213,125.16
214,122.44
215,128.46
216,122.88
217,116.06
218,118.98
219,124.12
220,115.86
221,124.92
222,126.94
223,122.41999999999999
224,136
225,129.3
226,127.1
227,121.74
228,119.36
229,122.88
230,126.46000000000001
231,128.16
232,121.96
233,117.92
234,117.42
235,120.42
236,126.7
237,120.7
238,121.68
239,127.76
240,124.06
241,116.02
242,126.32
243,118.1
244,124.44
245,120.48
246,131.24
247,115.22
248,126.26
249,120.02
250,126.56
251,126.46
252,129.64
253,117.5
254,122.22
255,128.48
256,127.1
257,124.58
258,126.16
259,124.18
260,128.26
261,118.41999999999999
262,127.9
263,129.34
264,121.12
265,126.88
266,121.76
267,128
268,129.3
269,118.72
270,124.58
271,121.56
272,121.86
273,122.84
274,126.78
275,126.86
276,136.58
277,132.34
278,119.8
279,126.34
280,123.16
281,125.24
282,118.86
283,125.44
284,125.98
285,127.58
286,121.8
287,119.72
288,122.96000000000001
289,118.76
290,130.56
291,124.9
292,121.92
293,119.16
294,126.2
295,128.1
296,127.22
297,121.88
298,127.44
299,119.12
300,121.46
301,124.12
302,131.82
303,124.06
304,128.84
305,125.98
306,120.2
307,119.22
308,120.62
309,128.5
310,128.14
311,125.84
312,123.76
313,129.1
314,114.84
315,128.7
316,116.44
317,127.84
318,124.84
319,133.38
320,124.3
321,124.88
322,120.52000000000001
323,123.72
324,118.22
325,125.92
326,135.9
327,126.24
328,120.2
329,119.97999999999999
330,123.58
331,118.1
332,118.84
333,126.86
334,118.8
335,122.82
336,125.32
337,130.06
338,114.8
339,118.68
340,120.08
341,125.86
342,127.8
343,124.66
344,133.64
345,120.84
346,130.16
347,127
348,119.03999999999999
349,119.26
350,117.32
351,122.36
352,130.64
353,117.24
354,125.42
355,124
356,122.62
357,141.06
358,129.44
359,132.38
360,119.4
361,127.64
362,122.18
363,124.82
364,118.3
365,130.86
366,124.74
367,130.84
368,117.52
369,129
370,126.64
371,122.4
372,122.24
373,128.4
374,130.08
375,119.36
376,123.36
377,133.42
378,122.36
379,126.2
380,123.16
381,122.3
382,121.86
383,121
384,126.92
385,130.28
386,127.66
387,124.44
388,131.68
389,119
390,121.02
391,120.08
392,124.72
393,129.92
394,122.82
395,122.42
396,133.12
397,136.1
398,125.44
399,126.38
400,135.68
401,123.82
402,122.74
403,126
404,126.34
405,127.18
406,128.14
407,121.48
408,131.3
409,137.74
410,122.86
411,120.58
412,130
413,125.9
414,131.3
415,120.42
416,123.22
417,132.48
418,113.22
419,122.54
420,130.94
421,125.62
422,122.6
423,125.34
424,120.22
425,118.86
426,130.74
427,126.8
428,124.3
429,122.18
430,114.42
431,125.2
432,125.56
433,127.54
434,125.9
435,120.14
436,117.34
437,134.28
438,125.12
439,132.66
440,116.88
441,121.7
442,125.14
443,124.18
444,115.86
445,122.3
446,128.32
447,125.44
448,123.6
449,122.28
450,131.96
451,139.44
452,129.08
453,131.32
454,122.28
455,121.06
456,127.38
457,123.62
458,121.38
459,114.52
460,126.24
461,127.18
462,124.94
463,116.1
464,130.74
465,130.6
466,124.68
467,121.56
468,129.2
469,117.94
470,124.86
471,125.3
472,120.94
473,120.38
474,125.94
475,129.56
476,125.58
477,116.92
478,120.68
479,119.52000000000001
480,121.88
481,124.66
482,124.38
483,125.22
484,126.7
485,122.9
486,127.26
487,130.62
488,120.82
489,125.76
490,131.32
491,123.94
492,133.14
493,124.2
494,133.92
495,126.14
496,111.84
497,131.54
498,126.42
499,126.96
500,130.54
501,126.38
502,129.54
503,125.03999999999999
504,123.1
505,120.7
506,137.98
507,133.6
508,121.62
509,121.16
510,121.46
511,120.22
512,124
513,124.12
514,132.24
515,131.6
516,115.72
517,127.38
518,125.18
519,121.84
520,126.16
521,122.56
522,127.3
523,125.2
524,120.97999999999999
525,121.68
526,129.58
527,130.48
528,122.14
529,123.88
530,118.96000000000001
531,128.48
532,120.84
533,120.26
534,119.4
535,131.58
536,129.22
537,125.92
538,115.76
539,126.4
540,125.24
541,120.86
542,121.94
543,126.32
544,119.72
545,122.1
546,125.92
547,118.92
548,115.66
549,125.3
550,117.86
551,128.02
552,122.22
553,113.94
554,129
555,124.4
556,123.41999999999999
557,120.54
558,132.74
559,118.96
560,127.84
561,131.32
562,127.1
563,122.08
564,122.41999999999999
565,122.48
566,122.8
567,117.92
568,122.32
569,118.2
570,134.06
571,128.72
572,132.32
573,125.16
574,125.76
575,125.36
576,128.92
577,131.26
578,129.78
579,131.14
580,124.34
581,120.72
582,121.16
583,123.58
584,129.94
585,121.36
586,121.66
587,127.06
588,130.24
589,126.08
590,116.32
591,121.9
592,126.1
593,116.92
594,132.52
595,122.1
596,124.14
597,120.2
598,128.88
599,123.26
600,123.2
601,122.56
602,125.78
603,127.52
604,117
605,126.02
606,122.74
607,121.53999999999999
608,129.72
609,124.66000000000001
610,117.96
611,123.88
612,128.52
613,121.2
614,127.36
615,129.58
616,127.04
617,123.78
618,118.53999999999999
619,119.16
620,127.42
621,120.26
622,130.4
623,117.78
624,129.32
625,125.26
626,121.92
627,129.64
628,126.62
629,113.76
630,124.12
631,120.94
632,119.88
633,128.72
634,118.2
635,126.56
636,118.3
637,133.24
638,122.18
639,121.1
640,126.08
641,124.22
642,132.16
643,122.24
644,129.84
645,138.68
646,110.66
647,127.68
648,124.74
649,124.36
650,133.18
651,134.8
652,130.36
653,126.28
654,117.8
655,119.2
656,121.03999999999999
657,130.76
658,120.74
659,119.34
660,125.7
661,125.04
662,133.1
663,121.34
664,127.04
665,126.7
666,114.32
667,127.18
668,128.38
669,126.64
670,122.68
671,126.97999999999999
672,124.14
673,121.66
674,127.3
675,131.64
676,122.58
677,122.38
678,119.47999999999999
679,121
680,126.16000000000001
681,123.16
682,129.24
683,128.8
684,128.92
685,129.06
686,121.5
687,124.96000000000001
688,122.74
689,120.94
690,127.03999999999999
691,131.42
692,119
693,127.78
694,126.52
695,123.53999999999999
696,118.32
697,122.26
698,122.8
699,130.9
700,123.84
701,130.8
702,117.86
703,123.48
704,122.42
705,127.88
706,128.08
707,132.04
708,117.26
709,120.76
710,129.28
711,130.38
712,122.8
713,125
714,130.56
715,122.68
716,122.88
717,122.8
718,122.6
719,124.94
720,128.06
721,116.32
722,125.32
723,124.48
724,120.44
725,128.36
726,121.86
727,125.52000000000001
728,117.76
729,122.56
730,128.88
731,122.86
732,123.41999999999999
733,120.44
734,130.66
735,120.53999999999999
736,132.54
737,127.14
738,124.02
739,120.16
740,116.04
741,133.84
742,126.68
743,120.2
744,128.76
745,115.06
746,135.52
747,125.1
748,128.4
749,123.18
750,123.08
751,117.02
752,122.08000000000001
753,131.96
754,126.42
755,129.64
756,131.18
757,122.88
758,129.82
759,127.78
760,119.12
761,123.9
762,123.62
763,123.6
764,134.04
765,128.7
766,129.34
767,133.1
768,132.04
769,126.36
770,115.28
771,120.5
772,133.94
773,133.82
774,127.53999999999999
775,121.94
776,121.5
777,132.86
778,128.84
779,132.2
780,132.5
781,127.42
782,131.5
783,127.4
784,127.68
785,117.66
786,124.14
787,123.06
788,131.84
789,123.18
790,134.12
791,125.24
792,126.38
793,122.26
794,125.18
795,123.03999999999999
796,124.38
797,128.38
798,120.32
799,124.2
800,128.38
801,115.38
802,117.92
803,129.24
804,124.14
805,119.32
806,118.26
807,124.1
808,129
809,127.5
810,119.38
811,126.38
812,126.06
813,123.1
814,120.4
815,129.48
816,130.84
817,124.03999999999999
818,111.84
819,123.26
820,130.12
821,130.06
822,124.5
823,128.44
824,127.7
825,122.1
826,130.74
827,120.4
828,115.74
829,130.66
830,116.18
831,124.9
832,128.04
833,130.3
834,124.8
835,127.41999999999999
836,128.2
837,126.6
838,120.56
839,116.12
840,126.9
841,130.08
842,125.06
843,132.5
844,118.08
845,128.36
846,127.72
847,125.22
848,114.62
849,124.12
850,126.03999999999999
851,122.62
852,136.7
853,119.72
854,121.72
855,124.96000000000001
856,119.41999999999999
857,131.12
858,125.74
859,119.34
860,130.6
861,118.06
862,118.62
863,122.18
864,129.72
865,125.06
866,121.94
867,122.92
868,126.96000000000001
869,121.68
870,127.44
871,119.8
872,125.6
873,122.1
874,126.74
875,127.82
876,116.92
877,129.57999999999998
878,128.48
879,131.2
880,126.3
881,126.53999999999999
882,128.14
883,119.92
884,126.47999999999999
885,127.74
886,123.78
887,131.4
888,124.62
889,125.9
890,122.84
891,129.56
892,120.83999999999999
893,130.36
894,122.42
895,123.12
896,120.24
897,126.28
898,123.84
899,126.52000000000001
900,124.41999999999999
901,125.2
902,121.2
903,127.7
904,128.74
905,122.66
906,127.62
907,133.32
908,119.86
909,123.1
910,125.3
911,122.53999999999999
912,130.62
913,129.66
914,126.76
915,118.9
916,126.44
917,127.32
918,130.84
919,127.32
920,118.36
921,125.78
922,125.72
923,121.78
924,115.12
925,114.7
926,128.62
927,121.8
928,118.9
929,128.04
930,123.48
931,126.64
932,127.64
933,121.76
934,129.42
935,130.7
936,127.02
937,123.7
938,116.48
939,123.64
940,121.9
941,120.18
942,122.58
943,127.84
944,128.54
945,128.3
946,131.78
947,126.28
948,130.08
949,122.38
950,117.12
951,128.08
952,123.14000000000001
953,129.98
954,116.74
955,131.28
956,122.48
957,127.32
958,124.24
959,124.3
960,120.12
961,128.46
962,126.22
963,124.44
964,127.64
965,119.54
966,121.3
967,117.98
968,126.92
969,128.72
970,122
971,131.76
972,120.7
973,129.38
974,124.08000000000001
975,128.74
976,126.74
977,126.66
978,130.52
979,125.2
980,121.22
981,122.96
982,123.34
983,120.36
984,124.98
985,127.5
986,126.96
987,129.22
988,124.2
989,126.46
990,126.72
991,122.18
992,121.47999999999999
993,127.14
994,127.46000000000001
995,131.42
996,124.94
997,123.72
998,124.4
999,126.78
1000,130.92
1001,131.48
1002,127.54
1003,129.42
1004,123.41999999999999
1005,126.98
1006,125.6
1007,119.36
1008,123.78
1009,122.36
1010,128.16
1011,118.96
1012,129.76
1013,124.74
1014,131.42
1015,128.16
1016,127.02
1017,124.34
1018,119.04
1019,120.56
1020,122.84
1021,123.8
1022,121.08
1023,117.1
1024,133.82
1025,117.36
1026,128.98
1027,137.62
1028,116.28
1029,119.96000000000001
1030,125.02
1031,120.72
1032,121.7
1033,125.88
1034,128.02
1035,113.08000000000001
1036,123.54
1037,125.92
1038,125.28
1039,118.92
1040,117.7
1041,128.9
1042,124.68
1043,124.96000000000001
1044,126.48
1045,128.04
1046,124.82
1047,128.92000000000002
1048,132.04
1049,124.92
1050,128.68
1051,122.88
1052,114.5
1053,113.02
1054,116.1
1055,120
1056,123.4
1057,128.9
1058,133.98
1059,116.98
1060,125.3
1061,120.68
1062,126.12
1063,120.03999999999999
1064,132.92
1065,123.36
1066,120.22
1067,120.74
1068,130.2
1069,119.86
1070,120.02
1071,120.96000000000001
1072,126.88
1073,126.94
1074,124.28
1075,128
1076,130.14
1077,127.22
1078,130.3
1079,129.44
1080,137.08
1081,122.8
1082,120.38
1083,127.4
1084,119.66
1085,118.88
1086,120.76
1087,127.66
1088,115.02
1089,123.86
1090,135.26
1091,126.52
1092,121.12
1093,124.78
1094,128.1
1095,126.88
1096,131.12
1097,127.78
1098,122.8
1099,125.2
1100,132.32
1101,120.26
1102,111.74
1103,124.44
1104,122.7
1105,125.98
1106,126.3
1107,123.14
1108,127.92
1109,130.26
1110,126.32
1111,126.12
1112,123.88
1113,123.44
1114,124.32
1115,137.74
1116,119.46
1117,129.04
1118,127.82
1119,124.96000000000001
1120,134.44
1121,118.52
1122,130.46
1123,117.6
1124,124.1
1125,129.57999999999998
1126,119.2
1127,124.82
1128,118.88
1129,127.16
1130,121.22
1131,128.6
1132,129.72
1133,123.4
1134,123.04
1135,120
1136,125.36
1137,121.06
1138,122.34
1139,126.08
1140,126.46
1141,129.04
1142,121.94
1143,125.12
1144,117.28
1145,113.78
1146,135.32
1147,131.76
1148,123.12
1149,120.4
1150,125.42
1151,118.94
1152,116.96000000000001
1153,126.6
1154,122.8
1155,120.34
1156,119.76
1157,126.22
1158,130.4
1159,115.86
1160,126.72
1161,120.68
1162,124.28
1163,118.02
1164,128.74
1165,122.03999999999999
1166,119.58
1167,124.62
1168,125.78
1169,119.8
1170,122.82
1171,121.76
1172,117.58
1173,130.1
1174,130.44
1175,123.64
1176,128.68
1177,129.18
1178,122.82
1179,124.2
1180,127.94
1181,127.2
1182,126.24
1183,124.28
1184,134.18
1185,127.7
1186,124.9
1187,129.22
1188,126.5
1189,127.5
1190,121.03999999999999
1191,115.56
1192,126.06
1193,125.02
1194,126.28
1195,120.92
1196,121.48
1197,115.92
1198,128.48
1199,120.42
1200,126.5
1201,124.42
1202,123.82
1203,131.7
1204,126.38
1205,126.36
1206,125.84
1207,120.34
1208,125.26
1209,124.08
1210,129.5
1211,132.24
1212,122.68
1213,126.3
1214,125.46000000000001
1215,111.38
1216,126.32
1217,116.98
1218,124.14
1219,124.7
1220,134.2
1221,119.53999999999999
1222,119.47999999999999
1223,107.6
1224,121.66
1225,132.42
1226,120.52
1227,121.88
1228,126.47999999999999
1229,123.86
1230,124.08000000000001
1231,118.04
1232,125.84
1233,122.26
1234,123.66
1235,127.12
1236,121.76
1237,123.96000000000001
1238,126.94
1239,126.4
1240,124.94
1241,125.78
1242,129.28
1243,123.06
1244,121.4
1245,128.46
1246,118.74
1247,124.4
1248,121.32
1249,123.26
1250,127.6
1251,121.24
1252,122.88
1253,122.38
1254,119.62
1255,117.58
1256,125.72
1257,134.58
1258,126.34
1259,123.6
1260,127.78
1261,124.1
1262,125.16
1263,130.3
1264,123.48
1265,130.28
1266,125.2
1267,121.08
1268,125.34
1269,122.2
1270,134.92
1271,120.28
1272,122.38
1273,132.56
1274,123.14
1275,117.4
1276,119.28
1277,124.88
1278,119.66
1279,130.68
1280,125.18
1281,112.72
1282,123.2
1283,126.66
1284,125.32
1285,120.04
1286,126.46000000000001
1287,118.76
1288,129.64
1289,125.96000000000001
1290,119.26
1291,125.9
1292,131.92
1293,126.84
1294,122.98
1295,131.08
1296,124.98
1297,120.38
1298,118.56
1299,125.34
1300,127.52000000000001
1301,133.26
1302,127.1
1303,121.56
1304,124.5
1305,122.9
1306,127.42
1307,131.04
1308,131.3
1309,119.22
1310,124.02
1311,127.76
1312,128.18
1313,119.96000000000001
1314,123.1
1315,124.44
1316,114.68
1317,124.94
1318,125.48
1319,122.14
1320,117.3
1321,119.98
1322,132.1
1323,121.34
1324,119.36
1325,132.52
1326,114
1327,120.86
1328,122.02
1329,125.76
1330,128.4
1331,120.88
1332,127.9
1333,125.38
1334,124.48
1335,117.1
1336,126.34
1337,123.52
1338,125.64
1339,127.02
1340,125.66
1341,126.84
1342,123.3
1343,129.12
1344,124.06
1345,128.18
1346,125.1
1347,133.7
1348,122.84
1349,120.24
1350,126.38
1351,123.84
1352,132.62
1353,131.76
1354,119.96
1355,119.78
1356,117.2
1357,121.68
1358,115.74
1359,122.16
1360,127.02000000000001
1361,119.16
1362,128.46
1363,125.84
1364,118.54
1365,126.84
1366,115.64
1367,121.5
1368,130.32
1369,120.9
1370,119.9
1371,126.18
1372,131.76
1373,121.1
1374,137.44
1375,129.92
1376,130.9
1377,121.12
1378,134.64
1379,126.76
1380,123.64
1381,126.7
1382,124.06
1383,133.08
1384,127.12
1385,128.82
1386,129.94
1387,116.06
1388,126.18
1389,121.38
1390,123.58
1391,127.98
1392,129.94
1393,124.5
1394,129.32
1395,122.26
1396,124.62
1397,131
1398,128.28
1399,115.06
1400,121.98
1401,132.22
1402,117.56
1403,121.42
1404,125.26
1405,121.02000000000001
1406,131.86
1407,130.22
1408,126.26
1409,125.18
1410,135.44
1411,116.6
1412,124.08
1413,122.42
1414,127.6
1415,123.92
1416,115.3
1417,122.03999999999999
1418,115.94
1419,122.88
1420,113.72
1421,113.78
1422,124
1423,119.72
1424,125.18
1425,130.98
1426,123.97999999999999
1427,128.5
1428,118.9
1429,122.64
1430,125.12
1431,122.12
1432,126.26
1433,128.72
1434,128.46
1435,119.42
1436,123.18
1437,118.92
1438,116.2
1439,126.58
1440,130.4
1441,125.82
1442,114.5
1443,126.5
1444,122.44
1445,124.6
1446,130.1
1447,130.16
1448,122.5
1449,124.92
1450,126.42
1451,121.4
1452,120.84
1453,125.62
1454,128.18
1455,129.08
1456,127.9
1457,132.48
1458,128.02
1459,130.26
1460,123.32
1461,124.48
1462,122.92
1463,123.68
1464,120.74
1465,122.4
1466,118.2
1467,124.18
1468,118.78
1469,126.14
1470,116.64
1471,121.64
1472,118.4
1473,121.84
1474,118.66
1475,127.68
1476,123.03999999999999
1477,124
1478,136.98
1479,122.86
1480,122.66
1481,118.72
1482,124.06
1483,122.66
1484,127.74
1485,125.26
1486,123.46
1487,112.48
1488,119.4
1489,131.84
1490,135.6
1491,130.9
1492,125.34
1493,134.38
1494,127.5
1495,117.84
1496,124.7
1497,121.08
1498,119.64
1499,127.7
1500,117.94
1501,129.5
1502,134.46
1503,119.22
1504,129.06
1505,120.08000000000001
1506,122.74
1507,121.44
1508,132.36
1509,123.68
1510,124.1
1511,126.2
1512,117.46000000000001
1513,126.56
1514,126.76
1515,114.14
1516,124.22
1517,125.66
1518,118.02
1519,121.06
1520,121.4
1521,136.92
1522,126.96000000000001
1523,124.72
1524,118.76
1525,120.03999999999999
1526,126.28
1527,116.16
1528,117.52000000000001
1529,123.84
1530,127.7
1531,129.6
1532,127.4
1533,131.92
1534,119.22
1535,124.02
1536,119.68
1537,128.66
1538,127.9
1539,121.66
1540,122.62
1541,128.46
1542,128.26
1543,118.1
1544,120.6
1545,118.38
1546,134.98
1547,121.38
1548,114.18
1549,127.14
1550,126.8
1551,121.7
1552,127.56
1553,124.66
1554,118.24
1555,118.74
1556,125.62
1557,126.92
1558,126.72
1559,122.5
1560,117.98
1561,136.76
1562,133.46
1563,133.36
1564,137.46
1565,121.26
1566,120.12
1567,122.12
1568,119.24
1569,127.94
1570,121.4
1571,124.7
1572,122.14
1573,129.32
1574,119.84
1575,121.94
1576,124.06
1577,130.38
1578,126.66
1579,121.88
1580,118.34
1581,121.18
1582,124.56
1583,119.02
1584,123.42
1585,135.58
1586,132.9
1587,123.46
1588,122.28
1589,123.74
1590,128.66
1591,124.88
1592,116.06
1593,118.42
1594,124.28
1595,125.58
1596,128.84
1597,117.96000000000001
1598,132.8
1599,119.38
1600,125.16
1601,122.86
1602,125.32
1603,117.14
1604,117.96
1605,121.6
1606,125.9
1607,126.24
1608,122.48
1609,126.44
1610,118.14
1611,125.68
1612,116.36
1613,132.38
1614,129.4
1615,126.44
1616,131.16
1617,119.24
1618,124.91999999999999
1619,122.7
1620,124.72
1621,114.86
1622,123.56
1623,123.96000000000001
1624,127.78
1625,132.16
1626,122.12
1627,115.82
1628,128.06
1629,121.12
1630,129.16
1631,122.47999999999999
1632,126.06
1633,125.9
1634,122.82
1635,129.44
1636,126.9
1637,131.7
1638,125.94
1639,117.22
1640,128.68
1641,123.06
1642,114.84
1643,118.74
1644,119.3
1645,124.08000000000001
1646,118.52000000000001
1647,121.36
1648,125.08
1649,130.64
1650,119.06
1651,118.1
1652,124
1653,123.36
1654,121.14
1655,122.22
1656,122.54
1657,123.76
1658,115.94
1659,128.8
1660,123.53999999999999
1661,120.72
1662,124.36
1663,123.3
1664,120.1
1665,119.92
1666,126.62
1667,124.86
1668,125.02
1669,121.12
1670,121.64
1671,133.5
1672,127.24
1673,127.4
1674,125.64
1675,126.74
1676,125.92
1677,128.76
1678,119.86
1679,118.02
1680,118.14
1681,126.94
1682,125.24
1683,125.64
1684,128.58
1685,127.86
1686,133.18
1687,126.44
1688,124.22
1689,116.7
1690,121.44
1691,131.26
1692,125.86
1693,132.36
1694,126.66
1695,117.4
1696,121.56
1697,122.72
1698,119.62
1699,129.38
1700,117.72
1701,127.14
1702,124.24
1703,127.64
1704,124.97999999999999
1705,119.08
1706,122.8
1707,117
1708,127.12
1709,123.04
1710,123.02
1711,109.56
1712,132.02
1713,118.4
1714,119.28
1715,123.8
1716,121.64
1717,119.84
1718,122.82
1719,128.32
1720,116.3
1721,118.3
1722,126.78
1723,121.58
1724,128.26
1725,136.56
1726,124.22
1727,131.94
1728,126.08
1729,116.62
1730,127.32
1731,122.1
1732,128.28
1733,121.72
1734,124.42
1735,126.94
1736,119.66
1737,122.86
1738,118.24
1739,118.16
1740,126.5
1741,124.48
1742,121.84
1743,125.1
1744,114.2
1745,125.32
1746,123.18
1747,119.22
1748,123.44
1749,124.42
1750,125.36
1751,123.92
1752,124.52000000000001
1753,116.54
1754,129.38
1755,126.68
1756,130.66
1757,127.76
1758,123.68
1759,130.86
1760,114.18
1761,125.34
1762,122.18
1763,122.4
1764,121.8
1765,128.88
1766,124.12
1767,126.84
1768,125.82
1769,133.62
1770,126.7
1771,125.44
1772,128.08
1773,122.98
1774,122.9
1775,134.94
1776,117.9
1777,121.94
1778,122.32
1779,127.64
1780,123.66
1781,125.6
1782,124.94
1783,122.78
1784,124.26
1785,126.5
1786,128.12
1787,139.6
1788,129.12
1789,124.1
1790,128.68
1791,124.6
1792,123
1793,124.84
1794,126.08
1795,132.76
1796,128.78
1797,124.52
1798,125.24
1799,125.88
1800,117.86
1801,124.48
1802,125.12
1803,121.36
1804,121.24
1805,119.28
1806,125.72
1807,122.72
1808,122.18
1809,116.26
1810,127.2
1811,124.68
1812,125.78
1813,120.62
1814,127.22
1815,129.64
1816,127.98
1817,127.97999999999999
1818,117.56
1819,125.02
1820,126.26
1821,125.9
1822,125.84
1823,121.72
1824,121.56
1825,120.42
1826,127.88
1827,126.44
1828,120.4
1829,124.86
1830,122.44
1831,122.06
1832,121.94
1833,116.46000000000001
1834,125.02
1835,124.18
1836,123.92
1837,123.7
1838,126.28
1839,130.76
1840,116.04
1841,126.97999999999999
1842,125.06
1843,135.38
1844,125.46000000000001
1845,120.46000000000001
1846,120.7
1847,124
1848,124.16
1849,115.36
1850,131.8
1851,121.9
1852,129.14
1853,128.96
1854,122.92
1855,119.83999999999999
1856,126.2
1857,121.6
1858,128.02
1859,126.14000000000001
1860,125.82
1861,123.06
1862,115.02
1863,118.6
1864,116.3
1865,127.16
1866,124.98
1867,129.7
1868,131.86
1869,120.22
1870,126.78
1871,124.26
1872,129
1873,127.02
1874,130.32
1875,123.3
1876,118.68
1877,121.56
1878,120.28
1879,121.32
1880,115.66
1881,126.08
1882,121.47999999999999
1883,123.78
1884,114.26
1885,128.88
1886,130.58
1887,127.74
1888,132.6
1889,129.68
1890,119.2
1891,119.98
1892,113.86
1893,127.6
1894,113.4
1895,121.68
1896,123.2
1897,122.1
1898,125.72
1899,122.53999999999999
1900,122.52
1901,123.08
1902,116.26
1903,124.52
1904,122.68
1905,135.94
1906,128.84
1907,124.96
1908,118.02
1909,137
1910,122.6
1911,128.76
1912,129.32
1913,129.2
1914,126.76
1915,128.16
1916,120.66
1917,116.8
1918,124.94
1919,124.66
1920,124.08
1921,123.6
1922,133.12
1923,125.62
1924,129.78
1925,124.74
1926,124.18
1927,119.98
1928,135.4
1929,131.44
1930,121.14
1931,117.96000000000001
1932,121.12
1933,129.06
1934,120.46
1935,123.44
1936,125.3
1937,129.74
1938,126.4
1939,121.44
1940,129.48
1941,116.82
1942,126.64
1943,128.38
1944,120.08
1945,138.1
1946,125.38
1947,125.34
1948,122.76
1949,120.34
1950,124.06
1951,124.14
1952,116.68
1953,122.68
1954,128.72
1955,125.9
1956,126.02
1957,124.84
1958,127.72
1959,129.52
1960,125.18
1961,123.44
1962,115.86
1963,122.53999999999999
1964,121.28
1965,126.47999999999999
1966,120.66
1967,123.34
1968,118.38
1969,125.68
1970,135.34
1971,130.94
1972,129.9
1973,126.68
1974,120.62
1975,127.72
1976,124.82
1977,123.84
1978,122.96000000000001
1979,118.64
1980,126.62
1981,121.68
1982,117.32
1983,130.54
1984,119.66
1985,126.92
1986,135.58
1987,129.06
1988,119
1989,128.56
1990,129.24
1991,122.38
1992,132.62
1993,130.88
1994,125.06
1995,128.42
1996,131.74
1997,133.74
1998,123.58
1999,122.2
2000,116.84
2001,112.82
2002,123.98
2003,123.72
2004,125.86
2005,125.82
2006,118.4
2007,127.96
2008,126.16
2009,129.06
2010,119.28
2011,124.24
2012,123.34
2013,122.48
2014,124.24
2015,125.8
2016,128.12
2017,122.58
2018,127.1
2019,128.14
2020,119.1
2021,128.62
2022,116.54
2023,138.1
2024,123.18
2025,116.68
2026,123.7
2027,129.76
2028,127.9
2029,122.97999999999999
2030,127.28
2031,118.42
2032,124.12
2033,125.78
2034,128.24
2035,126.86
2036,121.7
2037,124.24
2038,124.6
2039,120.58
2040,127.46
2041,125.06
2042,125.78
2043,122.4
2044,119.38
2045,124
2046,119.96
2047,120.18
2048,125.18
2049,124.24
2050,127.82
2051,122.4
2052,124.26
2053,133.06
2054,120.7
2055,123.94
2056,119.66
2057,118.78
2058,128.68
2059,126.34
2060,129.42
2061,120.84
2062,118.84
2063,126.78
2064,122.48
2065,128.36
2066,126.98
2067,120.91999999999999
2068,116.7
2069,135.26
2070,124.18
2071,122.58
2072,127.18
2073,120.74
2074,124.12
2075,120.46000000000001
2076,127.7
2077,129.78
2078,117.5
2079,120.14
2080,128.4
2081,126.48
2082,132.28
2083,126.34
2084,123.38
2085,121.76
2086,126.44
2087,129.5
2088,124.03999999999999
2089,117.16
2090,117.24
2091,122.56
2092,129.52
2093,133.34
2094,127.88
2095,121.66
2096,123.04
2097,116.3
2098,125.86
2099,123.02
2100,125.3
2101,121.82
2102,122.58
2103,121.14
2104,121.3
2105,132.08
2106,128.76
2107,118.94
2108,121.36
2109,120.6
2110,129.68
2111,131.86
2112,129.9
2113,126.72
2114,127.82
2115,122.78
2116,115.34
2117,122.6
2118,122.4
2119,115.91999999999999
2120,127.56
2121,115.42
2122,121.32
2123,123.96
2124,124.9
2125,130.7
2126,130.92
2127,114.04
2128,119.02
2129,120.84
2130,133.28
2131,126.52
2132,125.28
2133,127.98
2134,122.72
2135,118.32
2136,133.48
2137,127.02
2138,133.2
2139,120.78
2140,123.66
2141,120.68
2142,121.92
2143,126.68
2144,121.34
2145,116.82
2146,123.52
2147,124.1
2148,130.08
2149,116.5
2150,126.68
2151,117.12
2152,124.24
2153,124.46000000000001
2154,120.42
2155,127.66
2156,132.92
2157,126.8
2158,122.1
2159,123.08
2160,118.28
2161,118.97999999999999
2162,113.88
2163,126.82
2164,130.4
2165,116.84
2166,132.14
2167,121.84
2168,120.3
2169,119.28
2170,123.44
2171,123.42
2172,124.18
2173,126.22
2174,125.6
2175,117.68
2176,128.18
2177,126.84
2178,129.22
2179,123.96000000000001
2180,127
2181,128.14
2182,117.26
2183,121.9
2184,132
2185,126.46000000000001
2186,123.6
2187,129.6
2188,111.22
2189,121.24
2190,122.24
2191,131.86
2192,112.34
2193,125.34
2194,128.84
2195,121.12
2196,114.6
2197,122.08
2198,130.24
2199,129.76
2200,130.46
2201,129.42
2202,126.62
2203,120.38
2204,123.4
2205,120.7
2206,119.28
2207,132.08
2208,120.78
2209,118.72
2210,123.16
2211,122.4
2212,118.02
2213,128.82
2214,128.08
2215,129.48
2216,122.42
2217,122.4
2218,114.28
2219,122.42
2220,116.26
2221,118.82
2222,124.56
2223,129.6
2224,125.48
2225,131.18
2226,128.12
2227,130.16
2228,123.44
2229,120.54
2230,119.54
2231,125.1
2232,121.98
2233,124.42
2234,123.88
2235,130.14
2236,127.3
2237,125.64
2238,119.66
2239,126.26
2240,125.46000000000001
2241,118.53999999999999
2242,130.6
2243,131.24
2244,122.92
2245,124.22
2246,121.76
2247,125.64
2248,130.12
2249,115.4
2250,131.7
2251,119.35999999999999
2252,122.12
2253,117.82
2254,125.16
2255,128.04
2256,123.64
2257,125.18
2258,126
2259,125.42
2260,123.58
2261,121.1
2262,123.12
2263,120.04
2264,119.3
2265,117.42
2266,134.4
2267,125.62
2268,124.53999999999999
2269,129.56
2270,126.48
2271,123.06
2272,129.74
2273,115.92
2274,122.16
2275,118.48
2276,116.86
2277,123.16
2278,124.7
2279,124.86
2280,120.22
2281,120.74
2282,117.6
2283,125.84
2284,122.78
2285,119.08
2286,123.74
2287,123.14
2288,119.46000000000001
2289,114.84
2290,120.6
2291,123.64
2292,127.2
2293,119.22
2294,123.5
2295,123.94
2296,124.94
2297,118.6
2298,125.28
2299,124.74
2300,132.88
2301,125.9
2302,128.48
2303,132.1
2304,125.72
2305,120.28
2306,126.14
2307,125.04
2308,124.62
2309,121.02
2310,134.12
2311,115.54
2312,128.64
2313,121.02
2314,122.66
2315,120.82
2316,131.32
2317,126.64
2318,119.56
2319,121.22
2320,128.4
2321,129.4
2322,128.26
2323,133.74
2324,126.14000000000001
2325,121.14
2326,125.94
2327,132.68
2328,119.34
2329,129.62
2330,125.06
2331,126.98
2332,131.36
2333,126.66
2334,120.44
2335,125.33999999999999
2336,123.1
2337,129.12
2338,121.22
2339,127.74
2340,131.64
2341,120.26
2342,132.32
2343,133.96
2344,129.86
2345,128.8
2346,124.78
2347,124.86
2348,134.72
2349,116.74
2350,128.68
2351,133.34
2352,126.8
2353,123.28
2354,123.4
2355,132.8
2356,114.02
2357,124.96000000000001
2358,125.98
2359,126.22
2360,120.78
2361,125.76
2362,126.7
2363,124.36
2364,120.03999999999999
2365,133.12
2366,131.28
2367,120.76
2368,122.48
2369,123.34
2370,124.28
2371,125.64
2372,126.04
2373,132.6
2374,128.8
2375,123.5
2376,128.4
2377,122.88
2378,132.06
2379,118.26
2380,122.52
2381,126.16
2382,123.8
2383,123.86
2384,127.38
2385,121.28
2386,121
2387,122.76
2388,136.18
2389,131.3
2390,125.24
2391,124.82
2392,127.98
2393,134.7
2394,121.9
2395,124.16
2396,124.32
2397,129.76
2398,120.8
2399,119.4
2400,123.48
2401,127.54
2402,125.58
2403,131.76
2404,137.02
2405,131.12
2406,118.14
2407,120.66
2408,127.86
2409,128.6
2410,126.82
2411,116.78
2412,123.16
2413,114.18
2414,135.7
2415,134.72
2416,130.1
2417,119.14
2418,131.56
2419,116.1
2420,122.04
2421,121.5
2422,121.1
2423,121
2424,122.64
2425,118.4
2426,120.52
2427,128.8
2428,127.62
2429,125.5
2430,126.24
2431,132.02
2432,126.64
2433,116.2
2434,122.42
2435,118
2436,121.12
2437,127.22
2438,130.66
2439,124.88
2440,122.22
2441,114.8
2442,131.64
2443,131.68
2444,116.32
2445,122.52000000000001
2446,120.26
2447,118.16
2448,117.48
2449,123.12
2450,118.98
2451,125.74
2452,130.74
2453,122.02
2454,128.58
2455,118.96
2456,127.76
2457,124.62
2458,121.88
2459,123.3
2460,120.92
2461,126.08
2462,130.16
2463,127.62
2464,117.16
2465,127.9
2466,123.36
2467,126.62
2468,117.66
2469,125.62
2470,116.62
2471,121.9
2472,122.88
2473,116.24
2474,136.38
2475,118.98
2476,121.32
2477,127.08000000000001
2478,122.14
2479,124.62
2480,129.66
2481,127.32
2482,134.46
2483,126.26
2484,122.12
2485,117.36
2486,125.26
2487,122.28
2488,122
2489,135.76
2490,121.24
2491,122.78
2492,130.52
2493,129.82
2494,124.36
2495,123.72
2496,130.8
2497,126.48
2498,119.7
2499,120.42
2500,123.84
2501,131.4
2502,125.76
2503,135.04
2504,125.9
2505,123.38
2506,125.78
2507,126.03999999999999
2508,117.06
2509,124.8
2510,121.28
2511,124.88
2512,134.88
2513,120.2
2514,126.58
2515,128.56
2516,119.28
2517,126.66
2518,125
2519,129.64
2520,125.8
2521,131.5
2522,133.28
2523,126.02000000000001
2524,127.94
2525,130.6
2526,119.72
2527,134.46
2528,123.2
2529,123.36
2530,131.3
2531,120.62
2532,122
2533,122.32
2534,127.96000000000001
2535,123.36
2536,131.18
2537,121.06
2538,128.32
2539,122.36
2540,127.86
2541,130.58
2542,120.44
2543,126.96000000000001
2544,124.84
2545,120.06
2546,127.58
2547,134.4
2548,127.76
2549,118.16
2550,129.08
2551,125.92
2552,131.78
2553,119.46
2554,129.86
2555,121.16
2556,123.32
2557,121.06
2558,125.82
2559,126.48
2560,126.22
2561,127.22
2562,135.24
2563,122.64
2564,127.53999999999999
2565,133.4
2566,118.78
2567,127.28
2568,117.36
2569,130.12
2570,124.02
2571,128.44
2572,130.64
2573,125.88
2574,123.14
2575,122.86
2576,131.36
2577,118.2
2578,128.76
2579,121.92
2580,121.53999999999999
2581,117.36
2582,122.56
2583,123.7
2584,118.82
2585,122.06
2586,128.6
2587,119.94
2588,127.34
2589,124.2
2590,119.72
2591,121.98
2592,126.3
2593,123.62
2594,111.3
2595,126.34
2596,127.2
2597,130.82
2598,128.16
2599,124.03999999999999
2600,124.94
2601,123.78
2602,133.3
2603,123.32
2604,125.82
2605,128.38
2606,127.22
2607,124.3
2608,118.76
2609,125.02
2610,125.68
2611,125.2
2612,125.35999999999999
2613,130.44
2614,126.8
2615,121
2616,114.9
2617,124.4
2618,122.02
2619,129.98
2620,121.74
2621,120.24
2622,122.8
2623,132.72
2624,133.78
2625,126.02000000000001
2626,125.36
2627,122.04
2628,118.76
2629,135.92
2630,121.12
2631,132.66
2632,119.98
2633,125.76
2634,129.86
2635,122.92
2636,123.8
2637,126.4
2638,119.48
2639,128.9
2640,126.6
2641,126.82
2642,124.16
2643,126.58
2644,127.84
2645,131.92
2646,119.96000000000001
2647,128.04
2648,126.97999999999999
2649,124.78
2650,122.84
2651,126.22
2652,127.76
2653,125.78
2654,126.56
2655,119.46000000000001
2656,123.62
2657,134.82
2658,121.02
2659,118.12
2660,123.24
2661,133.56
2662,126.3
2663,119.18
2664,122.76
2665,127.36
2666,126.52000000000001
2667,127.72
2668,120.28
2669,127.86
2670,129.7
2671,120.62
2672,119.53999999999999
2673,126.32
2674,122.62
2675,135.1
2676,126.88
2677,121.84
2678,130.14
2679,123.38
2680,120.44
2681,123.68
2682,126.38
2683,125.98
2684,123.18
2685,122.74
2686,130.3
2687,118.92
2688,121.88
2689,119.88
2690,119.72
2691,128.52
2692,124.46
2693,125.14
2694,119.72
2695,126.54
2696,124.62
2697,122.46
2698,123
2699,126.54
2700,130.34
2701,126.5
2702,137.94
2703,123.64
2704,115.14
2705,118.62
2706,119.72
2707,123.32
2708,123.42
2709,130.1
2710,130.12
2711,128.78
2712,124.4
2713,124
2714,118.54
2715,128.28
2716,129.68
2717,128.32
2718,122.7
2719,123.28
2720,117.24
2721,127
2722,121.82
2723,124.1
2724,117.82
2725,122.4
2726,122.92
2727,119.3
2728,114.26
2729,126.54
2730,128.66
2731,122.28
2732,117.03999999999999
2733,134.94
2734,116.24
2735,136.3
2736,124.5
2737,126.36
2738,129.44
2739,130.16
2740,124.66
2741,117.62
2742,114.96
2743,123.14
2744,120.16
2745,123.5
2746,121.82
2747,120.02
2748,118.72
2749,122.78
2750,128.12
2751,127.76
2752,120
2753,129.04
2754,128.4
2755,138.74
2756,128.52
2757,127.96000000000001
2758,124.47999999999999
2759,119.02
2760,121.8
2761,120.78
2762,125.98
2763,124.68
2764,136.48
2765,125.3
2766,123.08
2767,121.7
2768,126.34
2769,128.2
2770,128.64
2771,130.02
2772,124.68
2773,118.2
2774,126.24
2775,124.66
2776,128.18
2777,133.52
2778,120.9
2779,124.36
2780,129.36
2781,132.4
2782,121.8
2783,114.14
2784,121.42
2785,121.98
2786,127.48
2787,128.84
2788,122.42
2789,123.76
2790,125.4
2791,125.98
2792,124.1
2793,125.32
2794,120.44
2795,121.34
2796,125.18
2797,125.14
2798,117.94
2799,129.38
2800,119.34
2801,121.18
2802,138.2
2803,129.46
2804,124.1
2805,126.88
2806,122.74
2807,125.32
2808,131.14
2809,117.9
2810,121.16
2811,119.86
2812,117.56
2813,124.4
2814,120.06
2815,126.82
2816,118.24
2817,120.12
2818,116.18
2819,123.18
2820,122.12
2821,127.64000000000001
2822,123.12
2823,124.32
2824,142.32
2825,124.68
2826,127.48
2827,122.52
2828,124.92
2829,123.54
2830,130.44
2831,137.5
2832,125.98
2833,134.98
2834,125.52000000000001
2835,122.66
2836,123.03999999999999
2837,126.42
2838,119.66
2839,123.8
2840,125.42
2841,127.12
2842,129.46
2843,127.08
2844,118.32
2845,115.8
2846,120.24
2847,131.28
2848,131.46
2849,125.16
2850,121.68
2851,127.96000000000001
2852,119.2
2853,129.74
2854,126.76
2855,129.6
2856,125.08
2857,124.94
2858,111.58
2859,119.36
2860,125.58
2861,126.12
2862,120.94
2863,123.98
2864,133.12
2865,121.38
2866,120.86
2867,124.68
2868,120.62
2869,120.97999999999999
2870,131.32
2871,120.56
2872,120.5
2873,129.58
2874,121.76
2875,128.58
2876,128.16
2877,118.34
2878,128.14
2879,137.12
2880,123.92
2881,126.72
2882,119.41999999999999
2883,122.16
2884,129.9
2885,122.94
2886,118.28
2887,118.98
2888,122.94
2889,118.34
2890,123.18
2891,133.66
2892,127.24
2893,127.18
2894,130.12
2895,120.8
2896,125.32
2897,125.22
2898,120.82
2899,120.96000000000001
2900,127.8
2901,126.64
2902,126.97999999999999
2903,126.34
2904,119.84
2905,130.22
2906,133.68
2907,127.66
2908,120.06
2909,130.26
2910,122.4
2911,128.6
2912,128.42000000000002
2913,131.08
2914,125.72
2915,113.72
2916,116.86
2917,118.76
2918,127.7
2919,127.3
2920,117.38
2921,134.42
2922,120.68
2923,130.78
2924,124.28
2925,118.4
2926,124.98
2927,123.4
2928,119.46
2929,118.84
2930,133.36
2931,109.12
2932,127
2933,120.72
2934,123.72
2935,121
2936,131.14
2937,128.46
2938,122.82
2939,122.86
2940,130.18
2941,122.14
2942,124.06
2943,126.74
2944,120.1
2945,122.06
2946,124.32
2947,124.68
2948,121.64000000000001
2949,119.54
2950,123.18
2951,125.02
2952,124.1
2953,117.22
2954,123.06
2955,128.18
2956,126.96000000000001
2957,122.42
2958,125.52000000000001
2959,128.24
2960,122.78
2961,131.2
2962,128.68
2963,121.46
2964,124.08
2965,128.12
2966,120.96000000000001
2967,119.88
2968,124.22
2969,130.54
2970,123.08
2971,121.08
2972,127.24
2973,121.54
2974,129.7
2975,111.5
2976,119.62
2977,122.74
2978,121.44
2979,128.88
2980,128.1
2981,116.86
2982,114.14
2983,131.7
2984,125.1
2985,122.5
2986,136.12
2987,128.44
2988,126.16
2989,129.64
2990,132.42
2991,115.78
2992,128.1
2993,128.92
2994,123.26
2995,126.44
2996,126.28
2997,122.96
2998,126.9
2999,118.08
3000,128.08
3001,119.64
3002,127.24
3003,115.4
3004,125.62
3005,119.47999999999999
3006,121.06
3007,121.8
3008,127.18
3009,125.4
3010,128.54
3011,134.72
3012,122.8
3013,125.46000000000001
3014,125.12
3015,122.22
3016,131.28
3017,127.02
3018,114
3019,126.82
3020,117.88
3021,121.72
3022,126.94
3023,132.16
3024,120.92
3025,125.74
3026,121.96
3027,123.14
3028,118.16
3029,125.72
3030,121.88
3031,129.78
3032,125.68
3033,118.78
3034,128.46
3035,124.66000000000001
3036,119.02000000000001
3037,125.08000000000001
3038,124.22
3039,131.98
3040,123.14
3041,124.3
3042,127.32
3043,124.46
3044,124.36
3045,125.68
3046,126.34
3047,124.26
3048,123.7
3049,125.12
3050,113.32
3051,126.5
3052,124.4
3053,135.88
3054,122.34
3055,127.78
3056,122.52000000000001
3057,131.7
3058,116.92
3059,120.1
3060,122.02
3061,125.8
3062,120.74
3063,122.12
3064,128
3065,122.53999999999999
3066,134.28
3067,122.68
3068,141.88
3069,133.36
3070,119.48
3071,126.98
3072,124.24
3073,122.76
3074,126.64
3075,122.08
3076,128.16
3077,118.7
3078,123.29999999999998
3079,129.74
3080,118.04
3081,132.7
3082,123.08
3083,126.54
3084,127.5
3085,118.26
3086,123.74
3087,121.62
3088,128.72
3089,122.66
3090,130.1
3091,132.62
3092,123.66000000000001
3093,120.58
3094,121.5
3095,125.6
3096,120.94
3097,132
3098,125.42
3099,122.88
3100,129.94
3101,123.78
3102,130.38
3103,117.86
3104,124.32
3105,122.41999999999999
3106,126.86
3107,127.9
3108,134.62
3109,120.76
3110,128.1
3111,117.24
3112,124.3
3113,119.48
3114,131.94
3115,116.28
3116,125.46
3117,127.18
3118,122.1
3119,117.98
3120,120.96000000000001
3121,120.78
3122,117.2
3123,127.12
3124,122.6
3125,123.48
3126,131.8
3127,120.9
3128,127.06
3129,129.98
3130,118.36
3131,124.58
3132,126.8
3133,128.5
3134,115.9
3135,120.6
3136,119.34
3137,122.28
3138,122.26
3139,129.18
3140,124.44
3141,121.2
3142,127.74
3143,124.42
3144,120.96
3145,124.38
3146,115.66
3147,124.4
3148,124.66
3149,120.3
3150,126.14
3151,121.58
3152,120.66
3153,126.42
3154,127.46000000000001
3155,125.46
3156,114.58
3157,123.26
3158,122.34
3159,118.86
3160,122.58
3161,126.5
3162,125.94
3163,120.64
3164,114.02
3165,137.06
3166,133.94
3167,124.5
3168,130.82
3169,115.62
3170,126.04
3171,118
3172,120.48
3173,125.26
3174,128.28
3175,120.62
3176,122.48
3177,118.74
3178,133.82
3179,119.97999999999999
3180,122.03999999999999
3181,130.42000000000002
3182,122.42
3183,123.5
3184,128.78
3185,120.92
3186,128.58
3187,132.42
3188,130.06
3189,130.82
3190,122.78
3191,123.04
3192,126.72
3193,123.74
3194,119.92
3195,130.98
3196,130.54
3197,129.78
3198,124.28
3199,125.44
3200,122.26
3201,120.4
3202,123.06
3203,129.56
3204,130.28
3205,119.76
3206,138.68
3207,120.91999999999999
3208,121.52
3209,118.96000000000001
3210,115.02
3211,129.8
3212,130.42000000000002
3213,137.12
3214,121.26
3215,118.82
3216,126.52
3217,123.72
3218,123.2
3219,119.76
3220,123.74
3221,127.24
3222,129.24
3223,120.86
3224,117.4
3225,118.16
3226,132.36
3227,121.8
3228,118.24
3229,116.94
3230,132.86
3231,117.38
3232,127.24
3233,116.1
3234,123.72
3235,126.68
3236,128
3237,121.22
3238,133.24
3239,124.8
3240,126.8
3241,123.41999999999999
3242,124.97999999999999
3243,123.86
3244,116.06
3245,124
3246,125.62
3247,124.76
3248,128.58
3249,122.68
3250,128.66
3251,126.62
3252,129.4
3253,130
3254,123.8
3255,126.76
3256,130.26
3257,129.38
3258,119.12
3259,127.56
3260,124.58
3261,130.78
3262,134.5
3263,122.82
3264,118.16
3265,130.62
3266,125.14
3267,124.18
3268,119.44
3269,122.92
3270,120.26
3271,116.58
3272,125.56
3273,113.14
3274,125.1
3275,125.5
3276,120.84
3277,116.12
3278,125.58
3279,116.98
3280,131.08
3281,123.38
3282,118.14
3283,119.18
3284,128.96
3285,119
3286,118.88
3287,133.02
3288,120.52
3289,130.04
3290,116.02
3291,114.4
3292,117.48
3293,123.38
3294,134.64
3295,124.32
3296,125.7
3297,126.4
3298,114.22
3299,125.5
3300,124.12
3301,132.16
3302,128.46
3303,123.92
3304,123.98
3305,119.94
3306,121.74
3307,123.12
3308,123.54
3309,120.9
3310,121.3
3311,118.26
3312,114.78
3313,125.16
3314,125.2
3315,117.24
3316,129.1
3317,121.86
3318,120.34
3319,124.84
3320,116.82
3321,127.2
3322,124.82
3323,124.1
3324,121.96
3325,123.58
3326,124.68
3327,119.72
3328,126.7
3329,118.68
3330,128.48
3331,128.74
3332,129.56
3333,131.04
3334,115.86
3335,130.42
3336,125.82
3337,116.36
3338,123.53999999999999
3339,129.02
3340,120.48
3341,118.06
3342,123.26
3343,130.32
3344,118.08
3345,123.28
3346,121.46
3347,122.22
3348,129.36
3349,122.9
3350,124.66
3351,122.58
3352,122.33999999999999
3353,130.12
3354,128.52
3355,134.64
3356,127.58
3357,128.52
3358,122.18
3359,124.62
3360,123.34
3361,133.48
3362,128.12
3363,126.18
3364,129.2
3365,130.96
3366,123.32
3367,119.66
3368,121.7
3369,121.74
3370,132.04
3371,126.86
3372,126.32
3373,125.84
3374,123.64
3375,126.18
3376,130.08
3377,128.04
3378,128.6
3379,120.8
3380,118.48
3381,124.14
3382,119.78
3383,121.12
3384,120.24
3385,132.72
3386,135.34
3387,119.06
3388,123.36
3389,124.97999999999999
3390,119.98
3391,125.32
3392,122.82
3393,122.46000000000001
3394,128.72
3395,123.94
3396,124.86
3397,124
3398,128.82
3399,124.1
3400,116.03999999999999
3401,122.14
3402,121.78
3403,119.38
3404,125.3
3405,126.44
3406,123.03999999999999
3407,117.72
3408,123.16
3409,131.68
3410,123.78
3411,118.54
3412,128.8
3413,118.12
3414,124.94
3415,136.66
3416,121.94
3417,128.16
3418,129.64
3419,121.86
3420,122.56
3421,126.56
3422,129.78
3423,127.52
3424,124.96000000000001
3425,117.58
3426,131.44
3427,120.64
3428,125.04
3429,132.46
3430,122.18
3431,121.6
3432,132.6
3433,125.96000000000001
3434,120.4
3435,127.7
3436,117.94
3437,116.24
3438,126.58
3439,121.38
3440,120.94
3441,131.1
3442,123.92
3443,122.08
3444,128.92
3445,119.18
3446,124.38
3447,124.78
3448,122.58
3449,127.98
3450,125.22
3451,126.06
3452,122.28
3453,122.24
3454,120.96000000000001
3455,122.18
3456,118.86
3457,119.1
3458,127.88
3459,124.8
3460,127.26
3461,127.26
3462,128.18
3463,132.1
3464,119.86
3465,115.58
3466,122.12
3467,120.5
3468,124.08000000000001
3469,121.32
3470,118.54
3471,127.36
3472,126.06
3473,136.64
3474,119.46000000000001
3475,128.5
3476,121.68
3477,123.8
3478,119.06
3479,131.42
3480,123.22
3481,126.22
3482,117.14
3483,125.2
3484,126.16
3485,126.96000000000001
3486,123.47999999999999
3487,129.78
3488,124.28
3489,120.66
3490,121.56
3491,122.18
3492,126.82
3493,128.38
3494,133.32
3495,125.88
3496,125.14
3497,126.3
3498,126.38
3499,119.68
3500,122.2
3501,120.52000000000001
3502,124.64000000000001
3503,124.16
3504,122.88
3505,125.58
3506,126
3507,128.76
3508,120.56
3509,126.46000000000001
3510,118.32
3511,114.74
3512,124.48
3513,118.62
3514,124.96000000000001
3515,121.02000000000001
3516,119.72
3517,122.6
3518,118.66
3519,124.98
3520,126.86
3521,124.03999999999999
3522,115.3
3523,126.06
3524,124.5
3525,124.9
3526,125.94
3527,130.98
3528,124.08
3529,116.24
3530,127.44
3531,132
3532,128.36
3533,116.52
3534,116.62
3535,126.72
3536,132.88
3537,122.84
3538,122.42
3539,116.5
3540,133.72
3541,122.46
3542,116.54
3543,132.84
3544,125.47999999999999
3545,126.66
3546,118.18
3547,131.98
3548,125.36
3549,121.58000000000001
3550,130.04
3551,127.68
3552,128.06
3553,119.08000000000001
3554,119.62
3555,125.4
3556,127.72
3557,130.98
3558,121.26
3559,125.46
3560,126.94
3561,124.02
3562,132.18
3563,121.3
3564,122.7
3565,122.94
3566,126.44
3567,123.48
3568,118.56
3569,120.86
3570,118.76
3571,124.74
3572,120.42
3573,127.82
3574,131.02
3575,122.03999999999999
3576,125.18
3577,114.18
3578,126.68
3579,116.94
3580,126.54
3581,127.44
3582,126.1
3583,112.64
3584,122.38
3585,121.66
3586,115.82
3587,122.76
3588,128.32
3589,130.2
3590,130.78
3591,121.91999999999999
3592,122.32
3593,135.76
3594,122.26
3595,123.46000000000001
3596,121.28
3597,123.34
3598,119.04
3599,111
3600,120.86
3601,120.84
3602,125.8
3603,119.54
3604,124.58
3605,127.76
3606,123.08
3607,127.14
3608,124.68
3609,124.8
3610,131.08
3611,120.94
3612,118.3
3613,128.7
3614,127.22
3615,119.8
3616,122.46000000000001
3617,123.26
3618,128.3
3619,122.92
3620,118.84
3621,125.41999999999999
3622,131.56
3623,129.82
3624,119.86
3625,129.14
3626,116.04
3627,115.98
3628,116.22
3629,116.22
3630,122.86
3631,126.42
3632,123.24
3633,114.56
3634,126.88
3635,130.04
3636,122.1
3637,126.68
3638,116.74
3639,127.12
3640,108.06
3641,126.14
3642,137.58
3643,127.74
3644,116.68
3645,117.26
3646,138.7
3647,126.46000000000001
3648,119.84
3649,130.66
3650,130.72
3651,132.96
3652,119.78
3653,121.84
3654,122.72
3655,124.12
3656,118.84
3657,131.7
3658,125.2
3659,132.56
3660,126.28
3661,128.46
3662,128.26
3663,126.64
3664,119.38
3665,133
3666,128.38
3667,120.52
3668,125.56
3669,126.92
3670,129.4
3671,121.14
3672,118.68
3673,127.62
3674,120.86
3675,124.84
3676,132.96
3677,131.68
3678,131.86
3679,115.47999999999999
3680,125.22
3681,127.08
3682,127.88
3683,125.6
3684,125.7
3685,127.38
3686,130.8
3687,131.74
3688,120.62
3689,123.8
3690,128.12
3691,133.48
3692,122.4
3693,129.98
3694,116.44
3695,133.86
3696,124.72
3697,127.38
3698,126.84
3699,123.74
3700,124.72
3701,125.4
3702,120.42
3703,120.42
3704,125.7
3705,126.6
3706,126.34
3707,123.42
3708,112.08
3709,124.24
3710,124.4
3711,121.8
3712,123.76
3713,124.66
3714,123.34
3715,122.52
3716,119.06
3717,127.36
3718,121.94
3719,122.88
3720,121.5
3721,121.58
3722,125.88
3723,130.57999999999998
3724,117.84
3725,126.18
3726,125.3
3727,111.58
3728,126.5
3729,126.84
3730,122.22
3731,137.28
3732,123.06
3733,121.74
3734,120.36
3735,118.86
3736,127.06
3737,123.66
3738,132.62
3739,126.96
3740,114.66
3741,122.08
3742,129.1
3743,123.94
3744,129.12
3745,118.82
3746,116.2
3747,129.76
3748,123.5
3749,129.9
3750,125.5
3751,127.96000000000001
3752,119.8
3753,129.68
3754,130.32
3755,116.7
3756,121.48
3757,123.38
3758,122.2
3759,119.08
3760,134.48
3761,125.86
3762,121.2
3763,119.78
3764,133.58
3765,121.62
3766,123.1
3767,129.02
3768,118.16
3769,127.26
3770,121
3771,122.36
3772,122.78
3773,125.26
3774,119.64
3775,116.78
3776,131.6
3777,126.24
3778,122.08
3779,124.86
3780,131.1
3781,131.88
3782,124.68
3783,120.08
3784,125.78
3785,131.74
3786,122.1
3787,129.12
3788,125.64000000000001
3789,115.04
3790,123.46000000000001
3791,127.26
3792,120.7
3793,127.84
3794,127.56
3795,118.1
3796,126.2
3797,116.28
3798,125.12
3799,129.02
3800,125.56
3801,124.88
3802,117.52
3803,115.6
3804,123.24
3805,125.72
3806,130.62
3807,138.42
3808,125.08
3809,117.34
3810,130.58
3811,122.9
3812,117.46
3813,117.16
3814,129.46
3815,124.48
3816,128.68
3817,130.4
3818,115.78
3819,122.68
3820,123.8
3821,130.18
3822,115.64
3823,127.97999999999999
3824,116.5
3825,129
3826,124.78000000000002
3827,131.28
3828,127.68
3829,124.8
3830,120.2
3831,121.6
3832,115.34
3833,118.14
3834,120.62
3835,124.7
3836,124.16
3837,119.52
3838,123.26
3839,133.4
3840,121.74
3841,124.56
3842,123.03999999999999
3843,121.66
3844,124.56
3845,130.54
3846,130.2
3847,124.56
3848,124.06
3849,123.36
3850,126.4
3851,114.7
3852,122.22
3853,127.85999999999999
3854,119.92
3855,134.7
3856,118.03999999999999
3857,124.88
3858,121.74
3859,129.86
3860,129.58
3861,125.2
3862,123.8
3863,117.02
3864,123.44
3865,131.78
3866,114.12
3867,127.7
3868,123.82
3869,126.44
3870,128.04
3871,124.14
3872,130.72
3873,120.44
3874,116.92
3875,117.6
3876,123.82
3877,125.32
3878,129.1
3879,122.74
3880,119.44
3881,122.74
3882,135.82
3883,123.58
3884,127.16
3885,123
3886,123.14
3887,115.22
3888,123.12
3889,129.82
3890,125.62
3891,122.5
3892,124.9
3893,129.4
3894,130.04
3895,113.06
3896,127.6
3897,123.48
3898,125.88
3899,121.86
3900,123.38
3901,121.44
3902,116
3903,135.28
3904,124.38
3905,126.42
3906,135.1
3907,120.38
3908,124.54
3909,128.28
3910,120.16
3911,126.42
3912,125.32
3913,129.26
3914,120.14
3915,115.82
3916,126.32
3917,120.47999999999999
3918,118.36
3919,117.34
3920,125.5
3921,127.04
3922,127.53999999999999
3923,131.74
3924,126.03999999999999
3925,124.8
3926,127.96
3927,128.4
3928,125.76
3929,130.7
3930,130.38
3931,126.2
3932,122.86
3933,123.32
3934,126.6
3935,130.46
3936,119.7
3937,130.62
3938,127.42
3939,133.3
3940,124.66
3941,130.4
3942,133.24
3943,121.96
3944,128.26
3945,114.2
3946,121.92
3947,131.96
3948,120.98
3949,124.96000000000001
3950,114.46
3951,117.76
3952,125.8
3953,129.98
3954,125.98
3955,131.62
3956,120.26
3957,125.66
3958,123.26
3959,121.78
3960,130.74
3961,126.28
3962,125.86
3963,117.26
3964,127.82
3965,127.97999999999999
3966,126.78
3967,129.64
3968,116.86
3969,125.4
3970,126.46
3971,127.48
3972,116.08
3973,131.3
3974,125.38
3975,130.06
3976,126.1
3977,122.08
3978,128.06
3979,127.52
3980,122.9
3981,124.84
3982,126.24
3983,125.88
3984,126.44
3985,121.78
3986,127.64
3987,126.9
3988,123.56
3989,127.02000000000001
3990,125.6
3991,127.04
3992,122.84
3993,123.92
3994,123.46000000000001
3995,117.74
3996,123.38
3997,127.9
3998,116.6
3999,122.14
4000,119.06
4001,122.48
4002,121.38
4003,128.12
4004,121.64000000000001
4005,122.08
4006,121.16
4007,124.9
4008,122.14
4009,123.86
4010,119.76
4011,126.86
4012,129.2
4013,124.42
4014,119.3
4015,126.82
4016,121.06
4017,120.74
4018,122.9
4019,125.08
4020,117.84
4021,124.53999999999999
4022,127.46
4023,123.02000000000001
4024,130.64
4025,125.03999999999999
4026,126.76
4027,119.92
4028,125.03999999999999
4029,129.66
4030,116.92
4031,128.88
4032,129.8
4033,127.62
4034,125.9
4035,130.66
4036,127.72
4037,114.94
4038,125.24
4039,114.74
4040,117.18
4041,120.76
4042,125.18
4043,125.22
4044,121.36
4045,120.94
4046,128.18
4047,128.06
4048,132.06
4049,128.92
4050,127.82
4051,134.76
4052,124.06
4053,126.38
4054,125.03999999999999
4055,119.38
4056,124.82
4057,120.42
4058,119.3
4059,118.68
4060,118.82
4061,124.24
4062,123.5
4063,118
4064,131.76
4065,126.44
4066,125.84
4067,119.9
4068,132.02
4069,121.72
4070,125.1
4071,128.84
4072,120
4073,128.96
4074,123.12
4075,122.97999999999999
4076,119.58000000000001
4077,123.04
4078,128.62
4079,120.48
4080,127.94
4081,125.53999999999999
4082,120.38
4083,125.42
4084,114.9
4085,120.74
4086,116.24
4087,127.24
4088,116.03999999999999
4089,131.86
4090,118.62
4091,128.4
4092,123.1
4093,119.7
4094,128.76
4095,116.86
4096,129.48
4097,121.92
4098,122.52
4099,129.14
4100,122.46
4101,122.96000000000001
4102,127.72
4103,119.86
4104,120.48
4105,119.96000000000001
4106,122.28
4107,127.16
4108,125.97999999999999
4109,119.8
4110,125.88
4111,126.3
4112,126.68
4113,130.98
4114,123.9
4115,119.46
4116,129.24
4117,124.62
4118,127.53999999999999
4119,122.2
4120,130.5
4121,127.18
4122,123
4123,129.42
4124,124.52
4125,129.68
4126,123.72
4127,125.5
4128,120.74
4129,124.96000000000001
4130,142.48
4131,119.32
4132,126.9
4133,125.62
4134,127.82
4135,129.06
4136,126.02000000000001
4137,124.26
4138,126.22
4139,124.78
4140,125.78
4141,120.18
4142,120.76
4143,122.58
4144,127.08
4145,117.66
4146,122.2
4147,125.6
4148,126.94
4149,128.14
4150,133.28
4151,114.92
4152,126.24
4153,126.28
4154,128.76
4155,135.72
4156,119.16
4157,134.42000000000002
4158,120.76
4159,113.5
4160,121.92
4161,123.14
4162,125.12
4163,130.32
4164,119.58
4165,124.34
4166,125.24
4167,123.98
4168,125.48
4169,125.34
4170,123.9
4171,124.06
4172,126.58
4173,120.02000000000001
4174,126.18
4175,122.96
4176,122.1
4177,133.9
4178,134.66
4179,121.82
4180,131.72
4181,120.52000000000001
4182,126.02
4183,128.7
4184,132.26
4185,123.06
4186,121.72
4187,131.3
4188,136.08
4189,133.6
4190,131.7
4191,117.03999999999999
4192,133.58
4193,123.08000000000001
4194,116.5
4195,122.03999999999999
4196,122.66
4197,119.78
4198,119
4199,115.26
4200,126.12
4201,119.02
4202,119.92
4203,127.5
4204,121.41999999999999
4205,133.34
4206,120.26
4207,126.08
4208,117.58
4209,116.68
4210,126.96
4211,131.92
4212,123.4
4213,115.62
4214,122.68
4215,120.16
4216,120.1
4217,121.78
4218,127.72
4219,127.42
4220,124.1
4221,127
4222,129.88
4223,122.6
4224,119.82
4225,127.68
4226,122.74
4227,126.16
4228,114.04
4229,124.66
4230,133.06
4231,139.74
4232,128.72
4233,128.34
4234,113.88
4235,123.97999999999999
4236,114.32
4237,127.22
4238,127.66
4239,116.42
4240,122.46000000000001
4241,121.1
4242,120.4
4243,118.88
4244,129.28
4245,118.98
4246,124.56
4247,134.34
4248,126.92
4249,136.76
4250,124.78
4251,120.56
4252,125.4
4253,124.53999999999999
4254,120.36
4255,122.4
4256,124.82
4257,133.46
4258,121.86
4259,120.47999999999999
4260,123.08000000000001
4261,133.98
4262,119.6
4263,123.82
4264,124.78
4265,115.46000000000001
4266,122.28
4267,125.4
4268,122.14
4269,119.66
4270,126.26
4271,121.08
4272,125.6
4273,120.98
4274,124.96000000000001
4275,124.7
4276,124.62
4277,117.68
4278,118.58
4279,127.1
4280,122.48
4281,124.88
4282,118.4
4283,120.02
4284,131.44
4285,121.1
4286,127.18
4287,119.32
4288,122.8
4289,116.14
4290,124.46000000000001
4291,126.46000000000001
4292,133.18
4293,132.34
4294,127.54
4295,119.06
4296,128.82
4297,123.08
4298,124.6
4299,115.9
4300,127.6
4301,131.86
4302,123.64000000000001
4303,125.72
4304,123.9
4305,119.82
4306,131.95999999999998
4307,127.28
4308,117.03999999999999
4309,130.08
4310,129
4311,122.2
4312,130.18
4313,123.84
4314,123.78
4315,124.82
4316,122.26
4317,125.64
4318,123.84
4319,117.42
4320,125.26
4321,130.36
4322,126.96000000000001
4323,121.16
4324,121.92
4325,124.38
4326,121.96
4327,120.62
4328,125.7
4329,117.78
4330,126.78
4331,121.03999999999999
4332,119.76
4333,118.6
4334,129.06
4335,118.4
4336,130.12
4337,121.54
4338,125.76
4339,120.88
4340,127.36
4341,131.44
4342,126.5
4343,123.5
4344,118.46
4345,126.74
4346,121.42
4347,124.46000000000001
4348,127.28
4349,124.98
4350,112.14
4351,118.16
4352,130.26
4353,126.26
4354,125.26
4355,130.4
4356,123.92
4357,120.18
4358,117.78
4359,127.42
4360,121.46
4361,119.62
4362,128.52
4363,119.41999999999999
4364,126.1
4365,128.76
4366,125.68
4367,126.3
4368,119.48
4369,123.64
4370,125.56
4371,131.04
4372,124.6
4373,121.66
4374,123.96000000000001
4375,121.22
4376,126.36
4377,130.1
4378,124.38
4379,127.5
4380,117.2
4381,132.86
4382,121.53999999999999
4383,112.34
4384,121.26
4385,129.56
4386,127.76
4387,123.82
4388,127.88
4389,122.4
4390,120.2
4391,130.07999999999998
4392,128.34
4393,134.28
4394,131.42
4395,129.74
4396,129.16
4397,126.92
4398,115.72
4399,125.12
4400,120.7
4401,124.56
4402,129.1
4403,125.34
4404,115.58
4405,126.88
4406,123.06
4407,122.16
4408,130.1
4409,122.9
4410,126.88
4411,120.14
4412,116.6
4413,127.14
4414,123.62
4415,124.6
4416,124.18
4417,120.28
4418,125.58
4419,124.03999999999999
4420,120.42
4421,124.56
4422,130.32
4423,125.28
4424,126.03999999999999
4425,125.76
4426,118.92
4427,123.58
4428,123.98
4429,127.06
4430,126.78
4431,119.58
4432,129.76
4433,123.16
4434,126.58
4435,127.9
4436,126.82
4437,122.1
4438,140.04
4439,123.88
4440,122.8
4441,119.94
4442,123.96000000000001
4443,125.86
4444,133.78
4445,122.28
4446,121.7
4447,122.86
4448,121.66
4449,118.78
4450,124.5
4451,128.76
4452,127.88
4453,116.12
4454,118.34
4455,134.48
4456,124.94
4457,128.56
4458,119.4
4459,117.84
4460,114.92
4461,125.24
4462,125.86
4463,128.94
4464,126.2
4465,130.14
4466,123.5
4467,128.82
4468,124.1
4469,122.86
4470,121.9
4471,123.9
4472,121.28
4473,121.08
4474,124.44
4475,118.02
4476,108.92
4477,121.98
4478,134.54
4479,119.3
4480,126.44
4481,120.78
4482,126.16
4483,125.58
4484,117.9
4485,121.58
4486,128.9
4487,117.3
4488,122.52
4489,128.1
4490,121.28
4491,128.56
4492,132.56
4493,134.28
4494,124
4495,125.78
4496,120.38
4497,127.58
4498,133.88
4499,128.48
4500,122.14
4501,124.34
4502,134.94
4503,125.03999999999999
4504,118.62
4505,120.24
4506,126.62
4507,120.06
4508,124.52
4509,122.84
4510,121.48
4511,127.18
4512,132.34
4513,122.92
4514,125.94
4515,125.7
4516,123.6
4517,124.52
4518,116.44
4519,120.1
4520,121.2
4521,115.98
4522,132.36
4523,124.8
4524,126.28000000000002
4525,123.6
4526,124.62
4527,119.66
4528,131.02
4529,122.64
4530,119.9
4531,127.2
4532,127.86
4533,121.08
4534,125.14
4535,124.84
4536,121.02
4537,123.76
4538,133.68
4539,132.12
4540,119.72
4541,122.04
4542,125.58
4543,126.22
4544,119.36
4545,112.14
4546,125.96000000000001
4547,118.96000000000001
4548,116.98
4549,123.03999999999999
4550,133.8
4551,120
4552,124.38
4553,123.52
4554,122.36
4555,121.9
4556,127.24
4557,128.74
4558,121.96000000000001
4559,117.86
4560,125.84
4561,120.8
4562,129.36
4563,129.52
4564,128.16
4565,123.96
4566,119.78
4567,120.7
4568,119.78
4569,121.36
4570,119.12
4571,117.74
4572,118.76
4573,136.7
4574,130.58
4575,117.32
4576,123.02
4577,115.76
4578,114.3
4579,123.16
4580,123.96000000000001
4581,130.6
4582,121.5
4583,117.58
4584,115.8
4585,123.66
4586,125.2
4587,116.74
4588,122.42
4589,123.5
4590,119.24
4591,124.7
4592,120.06
4593,127.74
4594,129.2
4595,129.96
4596,125.1
4597,128.88
4598,124.48
4599,119.96
4600,120.16
4601,129.38
4602,123.46
4603,130.78
4604,123.46
4605,120.68
4606,129.7
4607,127.28
4608,125.96000000000001
4609,124
4610,117.12
4611,123.53999999999999
4612,120.96000000000001
4613,119.56
4614,127.64
4615,118.88
4616,119.96
4617,135.7
4618,114.98
4619,126.42
4620,122.46
4621,125.3
4622,123.32
4623,123
4624,122.12
4625,123.68
4626,129.06
4627,114.82
4628,116.82
4629,123.06
4630,127.6
4631,124.12
4632,122.6
4633,120.06
4634,122.18
4635,125.3
4636,134.26
4637,130.78
4638,125.6
4639,126.72
4640,115.84
4641,129.92
4642,126.58
4643,122.76
4644,124.3
4645,122.03999999999999
4646,129.44
4647,123.04
4648,122.02
4649,126.96
4650,122.86
4651,130.84
4652,125.9
4653,120.34
4654,125.96000000000001
4655,125.9
4656,126.58
4657,124.26
4658,124.56
4659,123.26
4660,125.06
4661,125.2
4662,132.78
4663,127.58
4664,125.86
4665,122.14
4666,120.08
4667,118.12
4668,126.02000000000001
4669,128.22
4670,125.3
4671,124.86
4672,125.24
4673,124.64
4674,131.38
4675,126
4676,128.48
4677,127.9
4678,135.98
4679,127.74
4680,126.26
4681,128.54
4682,121.32
4683,125.26
4684,127.6
4685,122.8
4686,125.36
4687,122.35999999999999
4688,123.84
4689,121.48
4690,117.78
4691,116.24
4692,124.58
4693,125.66
4694,124.38
4695,125.96
4696,129.18
4697,121.97999999999999
4698,125.16
4699,124.3
4700,122.96000000000001
4701,129.52
4702,127.28
4703,131.64
4704,121.98
4705,125.16
4706,120.3
4707,118.96
4708,126.48
4709,130.5
4710,134.94
4711,118.53999999999999
4712,125.58
4713,128.28
4714,130.04
4715,122.6
4716,141.78
4717,124.76
4718,125.78
4719,125.88
4720,124.46000000000001
4721,131.24
4722,127.22
4723,128.76
4724,126.44
4725,125.22
4726,121.64
4727,118.6
4728,123.6
4729,119.36
4730,124.56
4731,126.12
4732,120.5
4733,128.42
4734,124.32
4735,124.2
4736,130.34
4737,120.7
4738,115.92
4739,123.1
4740,124.92
4741,121.12
4742,124.92
4743,132.1
4744,123.58
4745,122.1
4746,123.18
4747,128.18
4748,124.4
4749,119.42
4750,133.64
4751,124.52
4752,125.68
4753,119.92
4754,121.72
4755,126.68
4756,119.46000000000001
4757,123.3
4758,121.86
4759,120.34
4760,124.46
4761,118.42
4762,125.68
4763,124.34
4764,133.12
4765,123.9
4766,125.18
4767,119.82
4768,126.58
4769,124.28
4770,118.38
4771,122.34
4772,123.16
4773,125.06
4774,122.72
4775,127.5
4776,127.98
4777,127.16
4778,128.9
4779,121.28
4780,123.04
4781,117.46000000000001
4782,123.36
4783,122.36
4784,127.12
4785,122.66
4786,121.66
4787,128.52
4788,123.52
4789,130.06
4790,127.94
4791,132.94
4792,123.24
4793,118.84
4794,127.86
4795,119.64
4796,131.94
4797,135.26
4798,120.38
4799,115.1
4800,128.5
4801,119.88
4802,122.9
4803,126.38
4804,132.28
4805,123.06
4806,119.46
4807,124.82
4808,131.04
4809,118.9
4810,119.7
4811,122.58
4812,125.08
4813,121.5
4814,126.82
4815,122.76
4816,118.1
4817,127.9
4818,130.48
4819,128.5
4820,135.64
4821,121.14
4822,126.3
4823,122.36
4824,117.58
4825,115.42
4826,126.96
4827,125.3
4828,132.4
4829,127.78
4830,121.02
4831,126.92
4832,118.64
4833,122.48
4834,125.52
4835,121.62
4836,123.38
4837,133.04
4838,129.58
4839,127.14
4840,131.46
4841,127.4
4842,123.2
4843,125.53999999999999
4844,119.1
4845,126.9
4846,121.7
4847,129.9
4848,125.24
4849,132.38
4850,126.84
4851,120.28
4852,121.24
4853,124.94
4854,112.84
4855,121.03999999999999
4856,122.78
4857,124.08
4858,123.35999999999999
4859,120.6
4860,129.38
4861,129.92
4862,128.48
4863,124.78
4864,128.34
4865,122.7
4866,124.46
4867,122.28
4868,118.88
4869,124.16
4870,120.74
4871,130.72
4872,121.72
4873,123.28
4874,120.48
4875,124.9
4876,126.74
4877,127.03999999999999
4878,124.44
4879,128.86
4880,134.08
4881,118.74
4882,120.74
4883,122.14
4884,132.42
4885,122.97999999999999
4886,123.32
4887,130.42
4888,127.06
4889,128.64
4890,123.7
4891,127.64
4892,137.96
4893,128.44
4894,125.22
4895,126.98
4896,125.36
4897,135.8
4898,124.8
4899,122.2
4900,121.76
4901,124.8
4902,113.32
4903,125.3
4904,124.5
4905,123.84
4906,122.72
4907,128.02
4908,124.58
4909,126.16
4910,124.74
4911,134.74
4912,118.3
4913,123.58
4914,119.52000000000001
4915,133.4
4916,114.97999999999999
4917,119.72
4918,135.22
4919,125.84
4920,130.38
4921,127.04
4922,119.62
4923,130.74
4924,121.94
4925,127.02000000000001
4926,119.86
4927,119.7
4928,120.24
4929,117.46000000000001
4930,120.74
4931,123.06
4932,120.6
4933,121.22
4934,131.4
4935,124.6
4936,114.42
4937,124.86
4938,118.52
4939,118.4
4940,126.44
4941,127.44
4942,128.36
4943,127.56
4944,118.8
4945,124.32
4946,126.96
4947,133.1
4948,117.03999999999999
4949,125.46
4950,124.66
4951,123.88
4952,124.96
4953,128.32
4954,127.14
4955,124.76
4956,127
4957,135
4958,127.88
4959,130.07999999999998
4960,125.28
4961,134.18
4962,126.42
4963,125.82
4964,118.82
4965,124.5
4966,129.72
4967,126.64
4968,120.76
4969,131.54
4970,116.56
4971,128.2
4972,122.64
4973,127.64
4974,121.38
4975,130.2
4976,116.06
4977,124.34
4978,119.64
4979,125.18
4980,115.44
4981,116.6
4982,123.03999999999999
4983,125.34
4984,116.6
4985,123
4986,118.36
4987,129.88
4988,130.92
4989,126.68
4990,123.7
4991,121.44
4992,122.52
4993,127.4
4994,125.03999999999999
4995,123
4996,126.72
4997,120.56
4998,122.78
4999,126.16
5000,119.14
